{"cameraMode":{"drawMode":0,"name":"Shaded","section":"Shading Mode"},"sceneLighting":true,"audioPlay":false,"sceneViewState":{"m_AlwaysRefresh":false,"showFog":false,"showSkybox":true,"showFlares":true,"showImageEffects":true,"showParticleSystems":true,"showVisualEffectGraphs":true,"m_FxEnabled":true},"in2DMode":false,"pivot":{"x":107.97651672363281,"y":-100.5496597290039,"z":108.30143737792969},"rotation":{"x":-0.2456999570131302,"y":-0.05563731491565704,"z":0.013487683609127999,"w":-0.9684534072875977},"size":209.8462371826172,"orthographic":false}