{"cameraMode":{"drawMode":0,"name":"Shaded","section":"Shading Mode"},"sceneLighting":true,"audioPlay":false,"sceneViewState":{"m_AlwaysRefresh":false,"showFog":false,"showSkybox":true,"showFlares":true,"showImageEffects":true,"showParticleSystems":true,"showVisualEffectGraphs":true,"m_FxEnabled":true},"in2DMode":false,"pivot":{"x":6.671676158905029,"y":15.149850845336914,"z":-13.324992179870606},"rotation":{"x":-0.47149038314819338,"y":-0.009026078507304192,"z":0.004346875939518213,"w":-0.8822168111801148},"size":0.8660253882408142,"orthographic":false}