{"cameraMode":{"drawMode":0,"name":"Shaded","section":"Shading Mode"},"sceneLighting":true,"audioPlay":false,"sceneViewState":{"m_AlwaysRefresh":false,"showFog":false,"showSkybox":true,"showFlares":true,"showImageEffects":true,"showParticleSystems":true,"showVisualEffectGraphs":true,"m_FxEnabled":true},"in2DMode":false,"pivot":{"x":119.04462432861328,"y":97.7604751586914,"z":23.367055892944337},"rotation":{"x":-0.5272377729415894,"y":-0.0007712279912084341,"z":0.0004726713814307004,"w":-0.849789023399353},"size":12.12435531616211,"orthographic":false}