{"cameraMode":{"drawMode":0,"name":"Shaded","section":"Shading Mode"},"sceneLighting":true,"audioPlay":false,"sceneViewState":{"m_AlwaysRefresh":false,"showFog":false,"showSkybox":true,"showFlares":true,"showImageEffects":true,"showParticleSystems":true,"showVisualEffectGraphs":true,"m_FxEnabled":true},"in2DMode":false,"pivot":{"x":3.122267246246338,"y":14.222131729125977,"z":-18.851409912109376},"rotation":{"x":0.3577239215373993,"y":0.0744079127907753,"z":-0.029490647837519647,"w":0.9309816360473633},"size":1.2265924215316773,"orthographic":false}