{"cameraMode":{"drawMode":0,"name":"Shaded","section":"Shading Mode"},"sceneLighting":true,"audioPlay":false,"sceneViewState":{"m_AlwaysRefresh":false,"showFog":false,"showSkybox":true,"showFlares":true,"showImageEffects":true,"showParticleSystems":true,"showVisualEffectGraphs":true,"m_FxEnabled":true},"in2DMode":false,"pivot":{"x":9.555719375610352,"y":18.312788009643556,"z":-24.909576416015626},"rotation":{"x":-0.3934575021266937,"y":0.030354389920830728,"z":-0.013240261934697628,"w":-0.9193015098571777},"size":1.0285730361938477,"orthographic":false}