{"cameraMode":{"drawMode":0,"name":"Shaded","section":"Shading Mode"},"sceneLighting":true,"audioPlay":false,"sceneViewState":{"m_AlwaysRefresh":false,"showFog":false,"showSkybox":true,"showFlares":true,"showImageEffects":true,"showParticleSystems":true,"showVisualEffectGraphs":true,"m_FxEnabled":true},"in2DMode":false,"pivot":{"x":42.90062713623047,"y":33.105316162109378,"z":-59.77995681762695},"rotation":{"x":0.2687465250492096,"y":-0.09202296286821366,"z":0.024823492392897607,"w":0.9594093561172485},"size":24.308462142944337,"orthographic":false}