{"cameraMode":{"drawMode":0,"name":"Shaded","section":"Shading Mode"},"sceneLighting":true,"audioPlay":false,"sceneViewState":{"m_AlwaysRefresh":false,"showFog":false,"showSkybox":true,"showFlares":true,"showImageEffects":true,"showParticleSystems":true,"showVisualEffectGraphs":true,"m_FxEnabled":true},"in2DMode":false,"pivot":{"x":233.71249389648438,"y":17.244638442993165,"z":-90.14021301269531},"rotation":{"x":-0.46283018589019778,"y":-0.016673393547534944,"z":0.00811934657394886,"w":-0.8870025277137756},"size":12.918852806091309,"orthographic":false}