{"cameraMode":{"drawMode":0,"name":"Shaded","section":"Shading Mode"},"sceneLighting":true,"audioPlay":false,"sceneViewState":{"m_AlwaysRefresh":false,"showFog":false,"showSkybox":true,"showFlares":true,"showImageEffects":true,"showParticleSystems":true,"showVisualEffectGraphs":true,"m_FxEnabled":true},"in2DMode":false,"pivot":{"x":240.63491821289063,"y":15.50135326385498,"z":-226.33868408203126},"rotation":{"x":-0.38129037618637087,"y":-0.0033562220633029939,"z":0.0011058985255658627,"w":-0.925169050693512},"size":12.918852806091309,"orthographic":false}