{"cameraMode":{"drawMode":0,"name":"Shaded","section":"Shading Mode"},"sceneLighting":true,"audioPlay":false,"sceneViewState":{"m_AlwaysRefresh":false,"showFog":false,"showSkybox":true,"showFlares":true,"showImageEffects":true,"showParticleSystems":true,"showVisualEffectGraphs":true,"m_FxEnabled":true},"in2DMode":false,"pivot":{"x":24.770980834960939,"y":14.42484188079834,"z":-38.770713806152347},"rotation":{"x":0.23404726386070252,"y":0.3016648292541504,"z":-0.07583673298358917,"w":0.9218137860298157},"size":12.918852806091309,"orthographic":false}