{"cameraMode":{"drawMode":0,"name":"Shaded","section":"Shading Mode"},"sceneLighting":true,"audioPlay":false,"sceneViewState":{"m_AlwaysRefresh":false,"showFog":false,"showSkybox":true,"showFlares":true,"showImageEffects":true,"showParticleSystems":true,"showVisualEffectGraphs":true,"m_FxEnabled":true},"in2DMode":false,"pivot":{"x":120.13212585449219,"y":-178.97039794921876,"z":20.86981201171875},"rotation":{"x":-0.4057130217552185,"y":-0.08804208040237427,"z":0.038676679134368899,"w":-0.9097799062728882},"size":209.8462371826172,"orthographic":false}