{"cameraMode":{"drawMode":0,"name":"Shaded","section":"Shading Mode"},"sceneLighting":true,"audioPlay":false,"sceneViewState":{"m_AlwaysRefresh":false,"showFog":false,"showSkybox":true,"showFlares":true,"showImageEffects":true,"showParticleSystems":true,"showVisualEffectGraphs":true,"m_FxEnabled":true},"in2DMode":false,"pivot":{"x":214.08517456054688,"y":-8.056326866149903,"z":-179.2697296142578},"rotation":{"x":0.29659324884414675,"y":0.10890033841133118,"z":-0.03521598502993584,"w":0.9490442276000977},"size":24.308462142944337,"orthographic":false}