{"cameraMode":{"drawMode":0,"name":"Shaded","section":"Shading Mode"},"sceneLighting":true,"audioPlay":false,"sceneViewState":{"m_AlwaysRefresh":false,"showFog":false,"showSkybox":true,"showFlares":true,"showImageEffects":true,"showParticleSystems":true,"showVisualEffectGraphs":true,"m_FxEnabled":true},"in2DMode":false,"pivot":{"x":102.99932861328125,"y":123.4574966430664,"z":-204.03872680664063},"rotation":{"x":0.5239360332489014,"y":0.14659097790718079,"z":-0.09157838672399521,"w":0.8348022103309631},"size":12.918852806091309,"orthographic":false}