{"cameraMode":{"drawMode":0,"name":"Shaded","section":"Shading Mode"},"sceneLighting":true,"audioPlay":false,"sceneViewState":{"m_AlwaysRefresh":false,"showFog":false,"showSkybox":true,"showFlares":true,"showImageEffects":true,"showParticleSystems":true,"showVisualEffectGraphs":true,"m_FxEnabled":true},"in2DMode":false,"pivot":{"x":8.301249504089356,"y":20.039642333984376,"z":-28.63228416442871},"rotation":{"x":0.48238784074783327,"y":-0.03271859511733055,"z":0.01709970086812973,"w":0.8758144974708557},"size":1.2265924215316773,"orthographic":false}