{"cameraMode":{"drawMode":0,"name":"Shaded","section":"Shading Mode"},"sceneLighting":true,"audioPlay":false,"sceneViewState":{"m_AlwaysRefresh":false,"showFog":false,"showSkybox":true,"showFlares":true,"showImageEffects":true,"showParticleSystems":true,"showVisualEffectGraphs":true,"m_FxEnabled":true},"in2DMode":false,"pivot":{"x":10.825204849243164,"y":22.885154724121095,"z":-29.406452178955079},"rotation":{"x":-0.40873926877975466,"y":-0.016681408509612085,"z":0.006439592223614454,"w":-0.9129987359046936},"size":0.7898368239402771,"orthographic":false}