{"cameraMode":{"drawMode":0,"name":"Shaded","section":"Shading Mode"},"sceneLighting":true,"audioPlay":false,"sceneViewState":{"m_AlwaysRefresh":false,"showFog":false,"showSkybox":true,"showFlares":true,"showImageEffects":true,"showParticleSystems":true,"showVisualEffectGraphs":true,"m_FxEnabled":true},"in2DMode":false,"pivot":{"x":31.182344436645509,"y":-151.63929748535157,"z":19.673980712890626},"rotation":{"x":-0.43460771441459658,"y":-0.08658444881439209,"z":0.04309213161468506,"w":-0.8964285850524902},"size":109.07662963867188,"orthographic":false}