{"cameraMode":{"drawMode":0,"name":"Shaded","section":"Shading Mode"},"sceneLighting":true,"audioPlay":false,"sceneViewState":{"m_AlwaysRefresh":false,"showFog":false,"showSkybox":true,"showFlares":true,"showImageEffects":true,"showParticleSystems":true,"showVisualEffectGraphs":true,"m_FxEnabled":true},"in2DMode":false,"pivot":{"x":1.126530647277832,"y":11.810787200927735,"z":-18.637908935546876},"rotation":{"x":-0.2409525066614151,"y":-0.0023346112575381996,"z":0.0006496544810943306,"w":-0.9706894755363464},"size":0.06569797545671463,"orthographic":false}