{"cameraMode":{"drawMode":0,"name":"Shaded","section":"Shading Mode"},"sceneLighting":true,"audioPlay":false,"sceneViewState":{"m_AlwaysRefresh":false,"showFog":false,"showSkybox":true,"showFlares":true,"showImageEffects":true,"showParticleSystems":true,"showVisualEffectGraphs":true,"m_FxEnabled":true},"in2DMode":false,"pivot":{"x":4.576511859893799,"y":5.662649154663086,"z":-10.17830753326416},"rotation":{"x":-0.32867395877838137,"y":0.008712020702660084,"z":-0.003961086273193359,"w":-0.9447389245033264},"size":4.321358680725098,"orthographic":false}