{"cameraMode":{"drawMode":0,"name":"Shaded","section":"Shading Mode"},"sceneLighting":true,"audioPlay":false,"sceneViewState":{"m_AlwaysRefresh":false,"showFog":false,"showSkybox":true,"showFlares":true,"showImageEffects":true,"showParticleSystems":true,"showVisualEffectGraphs":true,"m_FxEnabled":true},"in2DMode":false,"pivot":{"x":12.870182991027832,"y":32.294132232666019,"z":-35.821048736572269},"rotation":{"x":-0.5035795569419861,"y":0.006593889556825161,"z":-0.003535367315635085,"w":-0.8645811676979065},"size":1.1713957786560059,"orthographic":false}