{"cameraMode":{"drawMode":0,"name":"Shaded","section":"Shading Mode"},"sceneLighting":true,"audioPlay":false,"sceneViewState":{"m_AlwaysRefresh":false,"showFog":false,"showSkybox":true,"showFlares":true,"showImageEffects":true,"showParticleSystems":true,"showVisualEffectGraphs":true,"m_FxEnabled":true},"in2DMode":false,"pivot":{"x":5.877033233642578,"y":13.419015884399414,"z":-10.928855895996094},"rotation":{"x":-0.16143226623535157,"y":-0.26982271671295168,"z":0.044953323900699618,"w":-0.9485622048377991},"size":4.321358680725098,"orthographic":false}