{"cameraMode":{"drawMode":0,"name":"Shaded","section":"Shading Mode"},"sceneLighting":true,"audioPlay":false,"sceneViewState":{"m_AlwaysRefresh":false,"showFog":false,"showSkybox":true,"showFlares":true,"showImageEffects":true,"showParticleSystems":true,"showVisualEffectGraphs":true,"m_FxEnabled":true},"in2DMode":false,"pivot":{"x":10.745400428771973,"y":18.657447814941408,"z":-14.693750381469727},"rotation":{"x":-0.3346584141254425,"y":-0.042307961732149127,"z":0.015437600202858448,"w":-0.9418708086013794},"size":1.1713957786560059,"orthographic":false}