{"cameraMode":{"drawMode":0,"name":"Shaded","section":"Shading Mode"},"sceneLighting":true,"audioPlay":false,"sceneViewState":{"m_AlwaysRefresh":false,"showFog":false,"showSkybox":true,"showFlares":true,"showImageEffects":true,"showParticleSystems":true,"showVisualEffectGraphs":true,"m_FxEnabled":true},"in2DMode":false,"pivot":{"x":17.499591827392579,"y":24.304601669311525,"z":-63.05032730102539},"rotation":{"x":-0.4839613437652588,"y":-0.009300043806433678,"z":0.004700208082795143,"w":-0.8756227493286133},"size":1.2265924215316773,"orthographic":false}