{"cameraMode":{"drawMode":0,"name":"Shaded","section":"Shading Mode"},"sceneLighting":true,"audioPlay":false,"sceneViewState":{"m_AlwaysRefresh":false,"showFog":false,"showSkybox":true,"showFlares":true,"showImageEffects":true,"showParticleSystems":true,"showVisualEffectGraphs":true,"m_FxEnabled":true},"in2DMode":false,"pivot":{"x":117.73602294921875,"y":47.398101806640628,"z":-115.5418701171875},"rotation":{"x":-0.27126848697662356,"y":-0.40197068452835085,"z":0.12230852246284485,"w":-0.8670692443847656},"size":65.11952209472656,"orthographic":false}