{"cameraMode":{"drawMode":0,"name":"Shaded","section":"Shading Mode"},"sceneLighting":true,"audioPlay":false,"sceneViewState":{"m_AlwaysRefresh":false,"showFog":false,"showSkybox":true,"showFlares":true,"showImageEffects":true,"showParticleSystems":true,"showVisualEffectGraphs":true,"m_FxEnabled":true},"in2DMode":false,"pivot":{"x":-15.962682723999024,"y":4.2195210456848148,"z":-11.676779747009278},"rotation":{"x":-0.15855664014816285,"y":-0.03495289012789726,"z":0.005682882387191057,"w":-0.9868468046188355},"size":0.0720352828502655,"orthographic":false}