{"cameraMode":{"drawMode":0,"name":"Shaded","section":"Shading Mode"},"sceneLighting":true,"audioPlay":false,"sceneViewState":{"m_AlwaysRefresh":false,"showFog":false,"showSkybox":true,"showFlares":true,"showImageEffects":true,"showParticleSystems":true,"showVisualEffectGraphs":true,"m_FxEnabled":true},"in2DMode":false,"pivot":{"x":3.229450225830078,"y":20.277591705322267,"z":-18.700576782226564},"rotation":{"x":-0.40167900919914248,"y":-0.08012574911117554,"z":0.03648668900132179,"w":-0.9121332168579102},"size":1.2265924215316773,"orthographic":false}