{"cameraMode":{"drawMode":0,"name":"Shaded","section":"Shading Mode"},"sceneLighting":true,"audioPlay":false,"sceneViewState":{"m_AlwaysRefresh":false,"showFog":false,"showSkybox":true,"showFlares":true,"showImageEffects":true,"showParticleSystems":true,"showVisualEffectGraphs":true,"m_FxEnabled":true},"in2DMode":false,"pivot":{"x":1.268080711364746,"y":12.4409818649292,"z":-14.018804550170899},"rotation":{"x":-0.48731157183647158,"y":-0.0024378213565796615,"z":0.0007726879557594657,"w":-0.873627781867981},"size":0.8660253882408142,"orthographic":false}