{"cameraMode":{"drawMode":0,"name":"Shaded","section":"Shading Mode"},"sceneLighting":true,"audioPlay":false,"sceneViewState":{"m_AlwaysRefresh":false,"showFog":false,"showSkybox":true,"showFlares":true,"showImageEffects":true,"showParticleSystems":true,"showVisualEffectGraphs":true,"m_FxEnabled":true},"in2DMode":false,"pivot":{"x":0.7739449143409729,"y":17.9688777923584,"z":3.129265546798706},"rotation":{"x":-0.5412055253982544,"y":0.003026722464710474,"z":-0.0019216081127524376,"w":-0.8410001397132874},"size":0.08660276979207993,"orthographic":false}