{"cameraMode":{"drawMode":0,"name":"Shaded","section":"Shading Mode"},"sceneLighting":true,"audioPlay":false,"sceneViewState":{"m_AlwaysRefresh":false,"showFog":false,"showSkybox":true,"showFlares":true,"showImageEffects":true,"showParticleSystems":true,"showVisualEffectGraphs":true,"m_FxEnabled":true},"in2DMode":false,"pivot":{"x":535.7536010742188,"y":284.32781982421877,"z":-217.04254150390626},"rotation":{"x":-0.11026705056428909,"y":-0.024141602218151094,"z":0.0021269938442856075,"w":-0.9943784475326538},"size":330.5290222167969,"orthographic":false}