{"cameraMode":{"drawMode":0,"name":"Shaded","section":"Shading Mode"},"sceneLighting":true,"audioPlay":false,"sceneViewState":{"m_AlwaysRefresh":false,"showFog":false,"showSkybox":true,"showFlares":true,"showImageEffects":true,"showParticleSystems":true,"showVisualEffectGraphs":true,"m_FxEnabled":true},"in2DMode":false,"pivot":{"x":9.270130157470704,"y":13.790068626403809,"z":-16.65646743774414},"rotation":{"x":-0.4312199056148529,"y":-0.052697304636240008,"z":0.02514527179300785,"w":-0.9009196758270264},"size":1.0285730361938477,"orthographic":false}