{"cameraMode":{"drawMode":0,"name":"Shaded","section":"Shading Mode"},"sceneLighting":true,"audioPlay":false,"sceneViewState":{"m_AlwaysRefresh":false,"showFog":false,"showSkybox":true,"showFlares":true,"showImageEffects":true,"showParticleSystems":true,"showVisualEffectGraphs":true,"m_FxEnabled":true},"in2DMode":false,"pivot":{"x":0.5217331647872925,"y":38.08570861816406,"z":-39.511653900146487},"rotation":{"x":-0.28723716735839846,"y":-0.006603896617889404,"z":0.0020440723747015,"w":-0.9579651355743408},"size":0.0720352828502655,"orthographic":false}